tag,zh
1:1,1:1 画幅
16:9,16:9 画幅
2:3,2:3 画幅
2d_animation,2D 动画
3:4,3:4 画幅
3_toes,三趾
3d_(artwork),3D 作品
3d_animation,3D 动画
4:3,4:3 画幅
4:5,4:5 画幅
4_fingers,四指
4_toes,四趾
5_fingers,五指
5_toes,五趾
abdominal_bulge,腹部隆起
absurd_res,超高分辨率
accessory,配饰
alpha_channel,含透明通道
animal_genitalia,动物生殖器
animal_humanoid,动物类人
animal_vulva,动物阴部
anthro_on_anthro,兽人与兽人
anthro_penetrated,兽人被插入
anthro_penetrating,兽人插入方
anthro_penetrating_anthro,兽人插入兽人
anthrofied,兽人化
aquatic,水生
areola,乳晕
armwear,臂部服饰
ass_up,臀部抬起
athletic,健美体型
avian,鸟类
backsack,后侧阴囊
bdsm,BDSM
bedroom_eyes,媚眼
big_muscles,大块肌肉
big_nipples,大乳头
biped,双足
black_body,黑色身体
black_clothing,黑色服装
blue_body,蓝色身体
blue_clothing,蓝色服装
blush_lines,脸红线条
bodily_fluids,体液
bottomwear,下装
bovid,牛科
bovine,牛亚科
breast_play,胸部玩弄
breast_squish,胸部挤压
brown_body,棕色身体
buckteeth,门牙外突
butt_grab,抓臀
canid,犬科
canine,犬类
canine_genitalia,犬类生殖器
canis,犬属
caprine,羊亚科
cheek_tuft,面颊绒毛
clothed,穿着衣物
clothed_anthro,着装兽人
clothed_female,着装雌性
clothing,服装
colored,已上色
conditional_dnp,有条件禁止转载
countershade_torso,躯干腹背异色
countershading,腹背异色
cum_in_vagina,阴道内射
curvy_figure,丰满身材
detailed_background,精细背景
digimon_(species),数码宝贝（物种）
digital_drawing_(artwork),数字手绘
digital_media_(artwork),数字绘画
dipstick_tail,尾尖异色
domestic_cat,家猫
domestic_dog,家犬
dominant,支配
dominant_female,支配雌性
dominant_male,支配雄性
duo,双人
ear_markings,耳部花纹
earth_pony,陆马
eeveelution,伊布进化系
electronics,电子设备
equid,马科
equine,马类
equine_genitalia,马类生殖器
equine_penis,马类阴茎
eulipotyphlan,真盲缺目
european_mythology,欧洲神话
eyewear,眼镜
faceless_character,无脸角色
facial_piercing,面部穿孔
facial_tuft,面部绒毛
fan_character,同人原创角色
felid,猫科
feline,猫类
felis,猫属
female,雌性
female/female,女女配对
female_anthro,雌性兽人
female_focus,以雌性为主
female_on_human,雌性与人类
female_penetrated,雌性被插入
feral,野生形态
feral_on_feral,野生形态之间
feral_penetrated,野生形态被插入
feral_penetrating,野生形态插入方
fingers,手指
first_person_view,第一人称视角
foot_fetish,足部恋物
footwear,鞋履
friendship_is_magic,小马宝莉：友谊就是魔法
from_front_position,正面体位
front_view,正视角
full-length_portrait,全身构图
fully_clothed,全套着装
furgonomics,兽装人体工学
furniture,家具
generation_1_pokemon,第一世代宝可梦
generation_2_pokemon,第二世代宝可梦
generation_3_pokemon,第三世代宝可梦
generation_4_pokemon,第四世代宝可梦
generation_5_pokemon,第五世代宝可梦
generation_6_pokemon,第六世代宝可梦
generation_7_pokemon,第七世代宝可梦
genital_fluids,生殖器体液
genitals,生殖器
glistening,有光泽
glistening_body,身体有光泽
gloves_(marking),手套状花纹
green_body,绿色身体
grey_body,灰色身体
gynomorph,女性双性
hair,头发
hand_on_butt,手放在臀部
hands-free,不用手
handwear,手部服饰
head_markings,头部花纹
head_tuft,头部绒毛
heart_symbol,心形符号
hi_res,高分辨率
hindpaw,后爪
holidays,节日
huge_balls,巨大睾丸
huge_butt,巨臀
human,人类
human_on_anthro,人类与兽人
human_penetrating,人类插入方
humanoid,类人生物
humanoid_feet,类人足部
humanoid_genitalia,类人生殖器
humanoid_hands,类人手部
humanoid_penis,类人阴茎
humanoid_pointy_ears,类人尖耳
hyper,超尺寸
hyper_balls,超尺寸睾丸
hyper_breasts,超尺寸胸部
hyper_genitalia,超尺寸生殖器
hyper_penis,超尺寸阴茎
incest_(lore),乱伦（设定）
inner_ear_fluff,耳内绒毛
inside,室内
intersex,双性
intersex/male,双性与雄性配对
japanese_text,日文文字
lagomorph,兔形目
larger_male,体型较大的雄性
leaking_cum,精液外流
legendary_pokemon,传说宝可梦
legwear,腿部服饰
leporid,兔科
looking_back_at_viewer,回头看向观众
looking_pleasured,陶醉表情
low-angle_view,低角度视角
male,雄性
male/female,男女配对
male/male,男男配对
male_anthro,雄性兽人
male_on_bottom,雄性在下方
male_penetrating,雄性插入方
male_penetrating_female,雄性插入雌性
male_penetrating_male,雄性插入雄性
mammal,哺乳动物
mammal_humanoid,哺乳类类人
marsupial,有袋类
mature_anthro,成熟兽人
melee_weapon,近战武器
membrane_(anatomy),膜（解剖）
membranous_wings,膜翼
moobs,男性胸部
mostly_nude,近乎全裸
mouth_closed,闭嘴
multicolored_body,多色身体
multiple_scenes,多画格
murid,鼠科
murine,鼠亚科
muscular_anthro,肌肉兽人
mustelid,鼬科
mythological_canine,神话犬类
mythological_equine,神话马类
mythological_scalie,神话鳞兽
mythology,神话
nails,指甲
nipple_outline,乳头轮廓
no_sound,无声音
non-mammal_breasts,非哺乳类胸部
non-mammal_nipples,非哺乳类乳头
not_furry,非兽人
nude_anthro,裸体兽人
nude_female,裸体雌性
nude_male,裸体雄性
on_bottom,在下方
on_top,在上方
open_smile,张嘴笑
oral_penetration,口部插入
orange_body,橙色身体
overweight_anthro,肥胖兽人
overweight_female,肥胖雌性
overweight_male,肥胖雄性
pantherine,豹亚科
parent_(lore),父母（设定）
partially_clothed,半裸着装
pastoral_dog,牧羊犬类
pattern_clothing,图案服装
penetration,插入
penile,阴茎相关
penile_masturbation,阴茎自慰
penile_penetration,阴茎插入
penis_in_ass,阴茎插入肛门
penis_in_vagina,阴茎插入阴道
pink_areola,粉色乳晕
pink_body,粉色身体
pink_nipples,粉色乳头
pink_penis,粉色阴茎
plantigrade,跖行
pokemon_(species),宝可梦（物种）
pokemorph,宝可梦拟人
prehistoric_species,史前物种
presenting_hindquarters,展示后臀
presenting_vulva,展示阴部
procyonid,浣熊科
pupils,瞳孔
purple_body,紫色身体
quadruped,四足
rear_view,后视角
red_body,红色身体
red_clothing,红色服装
reptile,爬行动物
rodent,啮齿动物
scalie,鳞兽
sex_toy_insertion,性玩具插入
shaded,有阴影
short_playtime,短时长动画
sibling_(lore),兄弟姐妹（设定）
skimpy,暴露
slightly_chubby,微胖
smaller_female,体型较小的雌性
smaller_male,体型较小的雄性
smaller_penetrated,体型较小的被插入方
smiling_at_viewer,对观众微笑
socks_(marking),袜状花纹
sonic_the_hedgehog_(series),索尼克系列
spotted_body,斑点身体
spreading,张开
squish,挤压
stripes,条纹
striped_body,条纹身体
striped_markings,条纹花纹
submissive,顺从
submissive_male,顺从雄性
swimwear,泳装
tail_markings,尾部花纹
tan_body,棕褐色身体
tan_fur,棕褐色毛发
three-quarter_portrait,四分之三构图
three-quarter_view,四分之三视角
tight_clothing,紧身衣物
toony,卡通风格
topless,上身裸露
topwear,上衣
traditional_media_(artwork),传统媒介作品
trio,三人
true_fox,狐属
tuft,毛簇
two-piece_swimsuit,两件式泳装
two_tone_body,双色身体
two_tone_fur,双色毛发
undertale_(series),传说之下系列
vaginal_fluids,阴道液
vehicle,交通工具
white_body,白色身体
white_clothing,白色服装
widescreen,宽屏画幅
yellow_body,黄色身体
young,幼年
young_anthro,幼年兽人
young_female,幼年雌性
young_male,幼年雄性
